{
	"credit": "Made with Blockbench",
	"texture_size": [32, 32],
	"textures": {
		"0": "./viking_valorite_sword_blade",
		"1": "./viking_valorite_sword_hilt",
		"2": "./viking_sword_handle",
		"particle": "./viking_valorite_sword_blade"
	},
	"elements": [
		{
			"name": "golden_sword_blade_0",
			"from": [10.5, 0.125, 4],
			"to": [12, 0.375, 5.5],
			"faces": {
				"north": {"uv": [12, 4, 10.5, 4.5], "texture": "#0"},
				"east": {"uv": [11.5, 4, 12, 5.5], "rotation": 90, "texture": "#0"},
				"south": {"uv": [10.5, 5, 12, 5.5], "texture": "#0"},
				"west": {"uv": [10.5, 4, 11, 5.5], "rotation": 270, "texture": "#0"},
				"up": {"uv": [10.5, 4, 12, 5.5], "texture": "#0"},
				"down": {"uv": [10.5, 5.5, 12, 4], "texture": "#0"}
			}
		},
		{
			"name": "golden_sword_blade_1",
			"from": [10, 0.125, 4.5],
			"to": [10.5, 0.375, 7],
			"faces": {
				"north": {"uv": [10.5, 4.5, 10, 5], "texture": "#0"},
				"east": {"uv": [10, 4.5, 10.5, 7], "rotation": 90, "texture": "#0"},
				"south": {"uv": [10, 6.5, 10.5, 7], "texture": "#0"},
				"west": {"uv": [10, 4.5, 10.5, 7], "rotation": 270, "texture": "#0"},
				"up": {"uv": [10, 4.5, 10.5, 7], "texture": "#0"},
				"down": {"uv": [10, 7, 10.5, 4.5], "texture": "#0"}
			}
		},
		{
			"name": "golden_sword_blade_2",
			"from": [9.5, 0.125, 5],
			"to": [10, 0.375, 7.5],
			"faces": {
				"north": {"uv": [10, 5, 9.5, 5.5], "texture": "#0"},
				"east": {"uv": [9.5, 5, 10, 7.5], "rotation": 90, "texture": "#0"},
				"south": {"uv": [9.5, 7, 10, 7.5], "texture": "#0"},
				"west": {"uv": [9.5, 5, 10, 7.5], "rotation": 270, "texture": "#0"},
				"up": {"uv": [9.5, 5, 10, 7.5], "texture": "#0"},
				"down": {"uv": [9.5, 7.5, 10, 5], "texture": "#0"}
			}
		},
		{
			"name": "golden_sword_blade_3",
			"from": [9, 0.125, 5.5],
			"to": [9.5, 0.375, 8],
			"faces": {
				"north": {"uv": [9.5, 5.5, 9, 6], "texture": "#0"},
				"east": {"uv": [9, 5.5, 9.5, 8], "rotation": 90, "texture": "#0"},
				"south": {"uv": [9, 7.5, 9.5, 8], "texture": "#0"},
				"west": {"uv": [9, 5.5, 9.5, 8], "rotation": 270, "texture": "#0"},
				"up": {"uv": [9, 5.5, 9.5, 8], "texture": "#0"},
				"down": {"uv": [9, 8, 9.5, 5.5], "texture": "#0"}
			}
		},
		{
			"name": "golden_sword_blade_4",
			"from": [10.5, 0.125, 5.5],
			"to": [11.5, 0.375, 6],
			"faces": {
				"north": {"uv": [11.5, 5.5, 10.5, 6], "texture": "#0"},
				"east": {"uv": [11, 5.5, 11.5, 6], "rotation": 90, "texture": "#0"},
				"south": {"uv": [10.5, 5.5, 11.5, 6], "texture": "#0"},
				"west": {"uv": [10.5, 5.5, 11, 6], "rotation": 270, "texture": "#0"},
				"up": {"uv": [10.5, 5.5, 11.5, 6], "texture": "#0"},
				"down": {"uv": [10.5, 6, 11.5, 5.5], "texture": "#0"}
			}
		},
		{
			"name": "golden_sword_blade_5",
			"from": [8.5, 0.125, 6],
			"to": [9, 0.375, 8.5],
			"faces": {
				"north": {"uv": [9, 6, 8.5, 6.5], "texture": "#0"},
				"east": {"uv": [8.5, 6, 9, 8.5], "rotation": 90, "texture": "#0"},
				"south": {"uv": [8.5, 8, 9, 8.5], "texture": "#0"},
				"west": {"uv": [8.5, 6, 9, 8.5], "rotation": 270, "texture": "#0"},
				"up": {"uv": [8.5, 6, 9, 8.5], "texture": "#0"},
				"down": {"uv": [8.5, 8.5, 9, 6], "texture": "#0"}
			}
		},
		{
			"name": "golden_sword_blade_6",
			"from": [10.5, 0.125, 6],
			"to": [11, 0.375, 6.5],
			"faces": {
				"north": {"uv": [11, 6, 10.5, 6.5], "texture": "#0"},
				"east": {"uv": [10.5, 6, 11, 6.5], "rotation": 90, "texture": "#0"},
				"south": {"uv": [10.5, 6, 11, 6.5], "texture": "#0"},
				"west": {"uv": [10.5, 6, 11, 6.5], "rotation": 270, "texture": "#0"},
				"up": {"uv": [10.5, 6, 11, 6.5], "texture": "#0"},
				"down": {"uv": [10.5, 6.5, 11, 6], "texture": "#0"}
			}
		},
		{
			"name": "golden_sword_blade_7",
			"from": [8, 0.125, 6.5],
			"to": [8.5, 0.375, 9],
			"faces": {
				"north": {"uv": [8.5, 6.5, 8, 7], "texture": "#0"},
				"east": {"uv": [8, 6.5, 8.5, 9], "rotation": 90, "texture": "#0"},
				"south": {"uv": [8, 8.5, 8.5, 9], "texture": "#0"},
				"west": {"uv": [8, 6.5, 8.5, 9], "rotation": 270, "texture": "#0"},
				"up": {"uv": [8, 6.5, 8.5, 9], "texture": "#0"},
				"down": {"uv": [8, 9, 8.5, 6.5], "texture": "#0"}
			}
		},
		{
			"name": "golden_sword_blade_8",
			"from": [7.5, 0.125, 7],
			"to": [8, 0.375, 9.5],
			"faces": {
				"north": {"uv": [8, 7, 7.5, 7.5], "texture": "#0"},
				"east": {"uv": [7.5, 7, 8, 9.5], "rotation": 90, "texture": "#0"},
				"south": {"uv": [7.5, 9, 8, 9.5], "texture": "#0"},
				"west": {"uv": [7.5, 7, 8, 9.5], "rotation": 270, "texture": "#0"},
				"up": {"uv": [7.5, 7, 8, 9.5], "texture": "#0"},
				"down": {"uv": [7.5, 9.5, 8, 7], "texture": "#0"}
			}
		},
		{
			"name": "golden_sword_blade_9",
			"from": [7, 0.125, 7.5],
			"to": [7.5, 0.375, 10],
			"faces": {
				"north": {"uv": [7.5, 7.5, 7, 8], "texture": "#0"},
				"east": {"uv": [7, 7.5, 7.5, 10], "rotation": 90, "texture": "#0"},
				"south": {"uv": [7, 9.5, 7.5, 10], "texture": "#0"},
				"west": {"uv": [7, 7.5, 7.5, 10], "rotation": 270, "texture": "#0"},
				"up": {"uv": [7, 7.5, 7.5, 10], "texture": "#0"},
				"down": {"uv": [7, 10, 7.5, 7.5], "texture": "#0"}
			}
		},
		{
			"name": "golden_sword_blade_10",
			"from": [6.5, 0.125, 8],
			"to": [7, 0.375, 10.5],
			"faces": {
				"north": {"uv": [7, 8, 6.5, 8.5], "texture": "#0"},
				"east": {"uv": [6.5, 8, 7, 10.5], "rotation": 90, "texture": "#0"},
				"south": {"uv": [6.5, 10, 7, 10.5], "texture": "#0"},
				"west": {"uv": [6.5, 8, 7, 10.5], "rotation": 270, "texture": "#0"},
				"up": {"uv": [6.5, 8, 7, 10.5], "texture": "#0"},
				"down": {"uv": [6.5, 10.5, 7, 8], "texture": "#0"}
			}
		},
		{
			"name": "golden_sword_blade_11",
			"from": [6, 0.125, 8.5],
			"to": [6.5, 0.375, 11],
			"faces": {
				"north": {"uv": [6.5, 8.5, 6, 9], "texture": "#0"},
				"east": {"uv": [6, 8.5, 6.5, 11], "rotation": 90, "texture": "#0"},
				"south": {"uv": [6, 10.5, 6.5, 11], "texture": "#0"},
				"west": {"uv": [6, 8.5, 6.5, 11], "rotation": 270, "texture": "#0"},
				"up": {"uv": [6, 8.5, 6.5, 11], "texture": "#0"},
				"down": {"uv": [6, 11, 6.5, 8.5], "texture": "#0"}
			}
		},
		{
			"name": "golden_sword_blade_12",
			"from": [5.5, 0.125, 9],
			"to": [6, 0.375, 11.5],
			"faces": {
				"north": {"uv": [6, 9, 5.5, 9.5], "texture": "#0"},
				"east": {"uv": [5.5, 9, 6, 11.5], "rotation": 90, "texture": "#0"},
				"south": {"uv": [5.5, 11, 6, 11.5], "texture": "#0"},
				"west": {"uv": [5.5, 9, 6, 11.5], "rotation": 270, "texture": "#0"},
				"up": {"uv": [5.5, 9, 6, 11.5], "texture": "#0"},
				"down": {"uv": [5.5, 11.5, 6, 9], "texture": "#0"}
			}
		},
		{
			"name": "golden_sword_blade_13",
			"from": [5, 0.125, 9.5],
			"to": [5.5, 0.375, 12],
			"faces": {
				"north": {"uv": [5.5, 9.5, 5, 10], "texture": "#0"},
				"east": {"uv": [5, 9.5, 5.5, 12], "rotation": 90, "texture": "#0"},
				"south": {"uv": [5, 11.5, 5.5, 12], "texture": "#0"},
				"west": {"uv": [5, 9.5, 5.5, 12], "rotation": 270, "texture": "#0"},
				"up": {"uv": [5, 9.5, 5.5, 12], "texture": "#0"},
				"down": {"uv": [5, 12, 5.5, 9.5], "texture": "#0"}
			}
		},
		{
			"name": "golden_sword_blade_14",
			"from": [4.5, 0.125, 10],
			"to": [5, 0.375, 12.5],
			"faces": {
				"north": {"uv": [5, 10, 4.5, 10.5], "texture": "#0"},
				"east": {"uv": [4.5, 10, 5, 12.5], "rotation": 90, "texture": "#0"},
				"south": {"uv": [4.5, 12, 5, 12.5], "texture": "#0"},
				"west": {"uv": [4.5, 10, 5, 12.5], "rotation": 270, "texture": "#0"},
				"up": {"uv": [4.5, 10, 5, 12.5], "texture": "#0"},
				"down": {"uv": [4.5, 12.5, 5, 10], "texture": "#0"}
			}
		},
		{
			"name": "golden_sword_blade_15",
			"from": [4, 0.125, 10.5],
			"to": [4.5, 0.375, 12],
			"faces": {
				"north": {"uv": [4.5, 10.5, 4, 11], "texture": "#0"},
				"east": {"uv": [4, 10.5, 4.5, 12], "rotation": 90, "texture": "#0"},
				"south": {"uv": [4, 11.5, 4.5, 12], "texture": "#0"},
				"west": {"uv": [4, 10.5, 4.5, 12], "rotation": 270, "texture": "#0"},
				"up": {"uv": [4, 10.5, 4.5, 12], "texture": "#0"},
				"down": {"uv": [4, 12, 4.5, 10.5], "texture": "#0"}
			}
		},
		{
			"name": "golden_sword_blade_16",
			"from": [3.5, 0.125, 11],
			"to": [4, 0.375, 11.5],
			"faces": {
				"north": {"uv": [4, 11, 3.5, 11.5], "texture": "#0"},
				"east": {"uv": [3.5, 11, 4, 11.5], "rotation": 90, "texture": "#0"},
				"south": {"uv": [3.5, 11, 4, 11.5], "texture": "#0"},
				"west": {"uv": [3.5, 11, 4, 11.5], "rotation": 270, "texture": "#0"},
				"up": {"uv": [3.5, 11, 4, 11.5], "texture": "#0"},
				"down": {"uv": [3.5, 11.5, 4, 11], "texture": "#0"}
			}
		},
		{
			"name": "golden_sword_hilt_0",
			"from": [3, -0.25, 10.5],
			"to": [3.5, 0.75, 12],
			"faces": {
				"north": {"uv": [3.5, 10.5, 3, 11], "texture": "#1"},
				"east": {"uv": [3, 10.5, 3.5, 12], "rotation": 90, "texture": "#1"},
				"south": {"uv": [3, 11.5, 3.5, 12], "texture": "#1"},
				"west": {"uv": [3, 10.5, 3.5, 12], "rotation": 270, "texture": "#1"},
				"up": {"uv": [3, 10.5, 3.5, 12], "texture": "#1"},
				"down": {"uv": [3, 12, 3.5, 10.5], "texture": "#1"}
			}
		},
		{
			"name": "golden_sword_hilt_1",
			"from": [3.5, -0.25, 11.5],
			"to": [4, 0.75, 12.5],
			"faces": {
				"north": {"uv": [4, 11.5, 3.5, 12], "texture": "#1"},
				"east": {"uv": [3.5, 11.5, 4, 12.5], "rotation": 90, "texture": "#1"},
				"south": {"uv": [3.5, 12, 4, 12.5], "texture": "#1"},
				"west": {"uv": [3.5, 11.5, 4, 12.5], "rotation": 270, "texture": "#1"},
				"up": {"uv": [3.5, 11.5, 4, 12.5], "texture": "#1"},
				"down": {"uv": [3.5, 12.5, 4, 11.5], "texture": "#1"}
			}
		},
		{
			"name": "golden_sword_hilt_2",
			"from": [4, -0.25, 12],
			"to": [4.5, 0.75, 13],
			"faces": {
				"north": {"uv": [4.5, 12, 4, 12.5], "texture": "#1"},
				"east": {"uv": [4, 12, 4.5, 13], "rotation": 90, "texture": "#1"},
				"south": {"uv": [4, 12.5, 4.5, 13], "texture": "#1"},
				"west": {"uv": [4, 12, 4.5, 13], "rotation": 270, "texture": "#1"},
				"up": {"uv": [4, 12, 4.5, 13], "texture": "#1"},
				"down": {"uv": [4, 13, 4.5, 12], "texture": "#1"}
			}
		},
		{
			"name": "golden_sword_hilt_3",
			"from": [4.5, -0.25, 12.5],
			"to": [5.5, 0.75, 13],
			"faces": {
				"north": {"uv": [5.5, 12.5, 4.5, 13], "texture": "#1"},
				"east": {"uv": [5, 12.5, 5.5, 13], "rotation": 90, "texture": "#1"},
				"south": {"uv": [4.5, 12.5, 5.5, 13], "texture": "#1"},
				"west": {"uv": [4.5, 12.5, 5, 13], "rotation": 270, "texture": "#1"},
				"up": {"uv": [4.5, 12.5, 5.5, 13], "texture": "#1"},
				"down": {"uv": [4.5, 13, 5.5, 12.5], "texture": "#1"}
			}
		},
		{
			"name": "golden_sword_hilt_4",
			"from": [0, -0.25, 14.5],
			"to": [1, 0.75, 15.5],
			"faces": {
				"north": {"uv": [1, 14.5, 0, 15], "texture": "#1"},
				"east": {"uv": [0.5, 14.5, 1, 15.5], "rotation": 90, "texture": "#1"},
				"south": {"uv": [0, 15, 1, 15.5], "texture": "#1"},
				"west": {"uv": [0, 14.5, 0.5, 15.5], "rotation": 270, "texture": "#1"},
				"up": {"uv": [0, 14.5, 1, 15.5], "texture": "#1"},
				"down": {"uv": [0, 15.5, 1, 14.5], "texture": "#1"}
			}
		},
		{
			"name": "golden_sword_hilt_5",
			"from": [1, -0.25, 15],
			"to": [1.5, 0.75, 16],
			"faces": {
				"north": {"uv": [1.5, 15, 1, 15.5], "texture": "#1"},
				"east": {"uv": [1, 15, 1.5, 16], "rotation": 90, "texture": "#1"},
				"south": {"uv": [1, 15.5, 1.5, 16], "texture": "#1"},
				"west": {"uv": [1, 15, 1.5, 16], "rotation": 270, "texture": "#1"},
				"up": {"uv": [1, 15, 1.5, 16], "texture": "#1"},
				"down": {"uv": [1, 16, 1.5, 15], "texture": "#1"}
			}
		},
		{
			"name": "golden_sword_hilt_6",
			"from": [0.5, -0.25, 15.5],
			"to": [1, 0.75, 16],
			"faces": {
				"north": {"uv": [1, 15.5, 0.5, 16], "texture": "#1"},
				"east": {"uv": [0.5, 15.5, 1, 16], "rotation": 90, "texture": "#1"},
				"south": {"uv": [0.5, 15.5, 1, 16], "texture": "#1"},
				"west": {"uv": [0.5, 15.5, 1, 16], "rotation": 270, "texture": "#1"},
				"up": {"uv": [0.5, 15.5, 1, 16], "texture": "#1"},
				"down": {"uv": [0.5, 16, 1, 15.5], "texture": "#1"}
			}
		},
		{
			"name": "stone_sword_handle_0",
			"from": [3, 0, 12],
			"to": [3.5, 0.5, 13.5],
			"faces": {
				"north": {"uv": [3.5, 12, 3, 12.5], "texture": "#2"},
				"east": {"uv": [3, 12, 3.5, 13.5], "rotation": 90, "texture": "#2"},
				"south": {"uv": [3, 13, 3.5, 13.5], "texture": "#2"},
				"west": {"uv": [3, 12, 3.5, 13.5], "rotation": 270, "texture": "#2"},
				"up": {"uv": [3, 12, 3.5, 13.5], "texture": "#2"},
				"down": {"uv": [3, 13.5, 3.5, 12], "texture": "#2"}
			}
		},
		{
			"name": "stone_sword_handle_1",
			"from": [2.5, 0, 12.5],
			"to": [3, 0.5, 14],
			"faces": {
				"north": {"uv": [3, 12.5, 2.5, 13], "texture": "#2"},
				"east": {"uv": [2.5, 12.5, 3, 14], "rotation": 90, "texture": "#2"},
				"south": {"uv": [2.5, 13.5, 3, 14], "texture": "#2"},
				"west": {"uv": [2.5, 12.5, 3, 14], "rotation": 270, "texture": "#2"},
				"up": {"uv": [2.5, 12.5, 3, 14], "texture": "#2"},
				"down": {"uv": [2.5, 14, 3, 12.5], "texture": "#2"}
			}
		},
		{
			"name": "stone_sword_handle_2",
			"from": [3.5, 0, 12.5],
			"to": [4, 0.5, 13],
			"faces": {
				"north": {"uv": [4, 12.5, 3.5, 13], "texture": "#2"},
				"east": {"uv": [3.5, 12.5, 4, 13], "rotation": 90, "texture": "#2"},
				"south": {"uv": [3.5, 12.5, 4, 13], "texture": "#2"},
				"west": {"uv": [3.5, 12.5, 4, 13], "rotation": 270, "texture": "#2"},
				"up": {"uv": [3.5, 12.5, 4, 13], "texture": "#2"},
				"down": {"uv": [3.5, 13, 4, 12.5], "texture": "#2"}
			}
		},
		{
			"name": "stone_sword_handle_3",
			"from": [2, 0, 13],
			"to": [2.5, 0.5, 14.5],
			"faces": {
				"north": {"uv": [2.5, 13, 2, 13.5], "texture": "#2"},
				"east": {"uv": [2, 13, 2.5, 14.5], "rotation": 90, "texture": "#2"},
				"south": {"uv": [2, 14, 2.5, 14.5], "texture": "#2"},
				"west": {"uv": [2, 13, 2.5, 14.5], "rotation": 270, "texture": "#2"},
				"up": {"uv": [2, 13, 2.5, 14.5], "texture": "#2"},
				"down": {"uv": [2, 14.5, 2.5, 13], "texture": "#2"}
			}
		},
		{
			"name": "stone_sword_handle_4",
			"from": [1.5, 0, 13.5],
			"to": [2, 0.5, 15],
			"faces": {
				"north": {"uv": [2, 13.5, 1.5, 14], "texture": "#2"},
				"east": {"uv": [1.5, 13.5, 2, 15], "rotation": 90, "texture": "#2"},
				"south": {"uv": [1.5, 14.5, 2, 15], "texture": "#2"},
				"west": {"uv": [1.5, 13.5, 2, 15], "rotation": 270, "texture": "#2"},
				"up": {"uv": [1.5, 13.5, 2, 15], "texture": "#2"},
				"down": {"uv": [1.5, 15, 2, 13.5], "texture": "#2"}
			}
		},
		{
			"name": "stone_sword_handle_5",
			"from": [1, 0, 14],
			"to": [1.5, 0.5, 15],
			"faces": {
				"north": {"uv": [1.5, 14, 1, 14.5], "texture": "#2"},
				"east": {"uv": [1, 14, 1.5, 15], "rotation": 90, "texture": "#2"},
				"south": {"uv": [1, 14.5, 1.5, 15], "texture": "#2"},
				"west": {"uv": [1, 14, 1.5, 15], "rotation": 270, "texture": "#2"},
				"up": {"uv": [1, 14, 1.5, 15], "texture": "#2"},
				"down": {"uv": [1, 15, 1.5, 14], "texture": "#2"}
			}
		}
	],
	"gui_light": "front",
	"display": {
		"thirdperson_righthand": {
			"rotation": [35, 0, 90],
			"translation": [-12.25, 10.75, -0.75],
			"scale": [1.6, 1.6, 1.6]
		},
		"thirdperson_lefthand": {
			"rotation": [-145, -180, 90],
			"translation": [12.25, 10.75, -0.75],
			"scale": [1.6, 1.6, 1.6]
		},
		"firstperson_righthand": {
			"rotation": [57, -10, 90],
			"translation": [-8, 9.75, -1],
			"scale": [1.5, 1.5, 1.5]
		},
		"firstperson_lefthand": {
			"rotation": [43, -22, -89],
			"translation": [16, 6, 2.25],
			"scale": [1.5, 1.5, 1.5]
		},
		"ground": {
			"rotation": [90, 15, 0],
			"translation": [0, 0.5, 0],
			"scale": [0.7, 0.7, 0.7]
		},
		"gui": {
			"rotation": [90, 0, 0],
			"translation": [2.5, 2.5, 0],
			"scale": [1.3, 1.3, 1.3]
		},
		"head": {
			"rotation": [90, -180, 0],
			"translation": [-2, -17.5, 21],
			"scale": [2, 2, 2]
		},
		"fixed": {
			"rotation": [90, 0, -180],
			"translation": [-3, 3, -13.25],
			"scale": [1.6, 1.6, 1.6]
		}
	},
	"groups": [
		{
			"name": "golden_sword_blade",
			"origin": [8, 8, 8],
			"color": 0,
			"children": [0, 1, 2, 3, 4, 5, 6, 7, 8, 9, 10, 11, 12, 13, 14, 15, 16]
		},
		{
			"name": "golden_sword_hilt",
			"origin": [8, 8, 8],
			"color": 0,
			"children": [17, 18, 19, 20, 21, 22, 23]
		},
		{
			"name": "stone_sword_handle",
			"origin": [8, 8, 8],
			"color": 0,
			"children": [24, 25, 26, 27, 28, 29]
		}
	]
}