{
	"credit": "Made with Blockbench",
	"texture_size": [32, 32],
	"textures": {
		"0": "./painted_wooden",
		"particle": "./painted_wooden"
	},
	"elements": [
		{
			"name": "Grip",
			"from": [7, 8, 5],
			"to": [9, 14, 11],
			"faces": {
				"north": {"uv": [0, 6, 1, 9], "texture": "#0"},
				"east": {"uv": [0, 0, 3, 3], "texture": "#0"},
				"south": {"uv": [15, 13, 16, 16], "texture": "#0"},
				"west": {"uv": [0, 3, 3, 6], "texture": "#0"},
				"up": {"uv": [2, 9, 1, 6], "texture": "#0"},
				"down": {"uv": [3, 6, 2, 9], "texture": "#0"}
			}
		},
		{
			"from": [4, 6, 11],
			"to": [12, 16, 12],
			"faces": {
				"north": {"uv": [10, 0.5, 14, 5.5], "texture": "#0"},
				"east": {"uv": [15.5, 11, 16, 16], "texture": "#0"},
				"south": {"uv": [4, 0.5, 8, 5.5], "texture": "#0"},
				"west": {"uv": [15.5, 11, 16, 16], "texture": "#0"},
				"up": {"uv": [12, 15.5, 16, 16], "texture": "#0"},
				"down": {"uv": [12, 15.5, 16, 16], "texture": "#0"}
			}
		},
		{
			"from": [3, 7, 11],
			"to": [4, 15, 12],
			"rotation": {"angle": 0, "axis": "z", "origin": [8, 11, 11]},
			"faces": {
				"north": {"uv": [9.5, 1, 10, 5], "rotation": 180, "texture": "#0"},
				"east": {"uv": [12, 15.5, 16, 16], "rotation": 90, "texture": "#0"},
				"south": {"uv": [3.5, 1, 4, 5], "texture": "#0"},
				"west": {"uv": [12, 15.5, 16, 16], "rotation": 90, "texture": "#0"},
				"up": {"uv": [15.5, 15.5, 16, 16], "rotation": 90, "texture": "#0"},
				"down": {"uv": [15.5, 15.5, 16, 16], "rotation": 90, "texture": "#0"}
			}
		},
		{
			"from": [2, 9, 11],
			"to": [3, 13, 12],
			"rotation": {"angle": 0, "axis": "y", "origin": [8, 11, 11]},
			"faces": {
				"north": {"uv": [9, 2, 9.5, 4], "rotation": 180, "texture": "#0"},
				"east": {"uv": [14, 15.5, 16, 16], "rotation": 90, "texture": "#0"},
				"south": {"uv": [3, 2, 3.5, 4], "texture": "#0"},
				"west": {"uv": [14, 15.5, 16, 16], "rotation": 90, "texture": "#0"},
				"up": {"uv": [15.5, 15.5, 16, 16], "rotation": 90, "texture": "#0"},
				"down": {"uv": [15.5, 15.5, 16, 16], "rotation": 90, "texture": "#0"}
			}
		},
		{
			"from": [13, 9, 11],
			"to": [14, 13, 12],
			"rotation": {"angle": 0, "axis": "y", "origin": [8, 11, 11]},
			"faces": {
				"north": {"uv": [14.5, 2, 15, 4], "texture": "#0"},
				"east": {"uv": [14, 15.5, 16, 16], "rotation": 90, "texture": "#0"},
				"south": {"uv": [8.5, 2, 9, 4], "texture": "#0"},
				"west": {"uv": [14, 15.5, 16, 16], "rotation": 90, "texture": "#0"},
				"up": {"uv": [15.5, 15.5, 16, 16], "rotation": 90, "texture": "#0"},
				"down": {"uv": [15.5, 15.5, 16, 16], "rotation": 90, "texture": "#0"}
			}
		},
		{
			"from": [6, 5, 11],
			"to": [10, 6, 12],
			"rotation": {"angle": 0, "axis": "z", "origin": [8, 11, 11]},
			"faces": {
				"north": {"uv": [11, 5.5, 13, 6], "rotation": 180, "texture": "#0"},
				"east": {"uv": [15.5, 15.5, 16, 16], "rotation": 180, "texture": "#0"},
				"south": {"uv": [7, 6, 5, 5.5], "rotation": 180, "texture": "#0"},
				"west": {"uv": [15.5, 15.5, 16, 16], "rotation": 180, "texture": "#0"},
				"up": {"uv": [14, 15.5, 16, 16], "rotation": 180, "texture": "#0"},
				"down": {"uv": [14, 15.5, 16, 16], "rotation": 180, "texture": "#0"}
			}
		},
		{
			"from": [6, 16, 11],
			"to": [10, 17, 12],
			"rotation": {"angle": 0, "axis": "y", "origin": [8, 11, 11]},
			"faces": {
				"north": {"uv": [11, 0, 13, 0.5], "rotation": 180, "texture": "#0"},
				"east": {"uv": [15.5, 15.5, 16, 16], "rotation": 180, "texture": "#0"},
				"south": {"uv": [7, 0.5, 5, 0], "rotation": 180, "texture": "#0"},
				"west": {"uv": [15.5, 15.5, 16, 16], "rotation": 180, "texture": "#0"},
				"up": {"uv": [14, 15.5, 16, 16], "rotation": 180, "texture": "#0"},
				"down": {"uv": [14, 15.5, 16, 16], "rotation": 180, "texture": "#0"}
			}
		},
		{
			"from": [12, 7, 11],
			"to": [13, 15, 12],
			"rotation": {"angle": 0, "axis": "y", "origin": [8, 11, 11]},
			"faces": {
				"north": {"uv": [14, 1, 14.5, 5], "texture": "#0"},
				"east": {"uv": [12, 15.5, 16, 16], "rotation": 90, "texture": "#0"},
				"south": {"uv": [8, 1, 8.5, 5], "texture": "#0"},
				"west": {"uv": [12, 15.5, 16, 16], "rotation": 90, "texture": "#0"},
				"up": {"uv": [15.5, 15.5, 16, 16], "rotation": 90, "texture": "#0"},
				"down": {"uv": [15.5, 15.5, 16, 16], "rotation": 90, "texture": "#0"}
			}
		},
		{
			"name": "Horizontal",
			"from": [7, 9, 11.5],
			"to": [9, 13, 12.5],
			"rotation": {"angle": 0, "axis": "z", "origin": [8, 11, 11]},
			"faces": {
				"north": {"uv": [14, 15, 16, 16], "rotation": 270, "texture": "#0"},
				"east": {"uv": [9.5, 5, 10, 7], "texture": "#0"},
				"south": {"uv": [8.5, 5, 9.5, 7], "texture": "#0"},
				"west": {"uv": [8, 5, 8.5, 7], "texture": "#0"},
				"up": {"uv": [8.5, 4.5, 9.5, 5], "texture": "#0"},
				"down": {"uv": [8.5, 7, 9.5, 7.5], "texture": "#0"}
			}
		},
		{
			"name": "Vertical",
			"from": [6, 10, 11.75],
			"to": [10, 12, 12.75],
			"faces": {
				"north": {"uv": [14, 15, 16, 16], "texture": "#0"},
				"east": {"uv": [10, 5.5, 10.5, 6.5], "texture": "#0"},
				"south": {"uv": [8, 5.5, 10, 6.5], "texture": "#0"},
				"west": {"uv": [7.5, 5.5, 8, 6.5], "texture": "#0"},
				"up": {"uv": [8, 5, 10, 5.5], "texture": "#0"},
				"down": {"uv": [8, 6.5, 10, 7], "texture": "#0"}
			}
		},
		{
			"name": "Top",
			"from": [6, 17, 10.5],
			"to": [10, 18, 12.5],
			"faces": {
				"north": {"uv": [12.5, 9, 14.5, 9.5], "texture": "#0"},
				"east": {"uv": [8.5, 9, 9.5, 9.5], "texture": "#0"},
				"south": {"uv": [10.5, 9, 12.5, 9.5], "texture": "#0"},
				"west": {"uv": [9.5, 9, 10.5, 9.5], "texture": "#0"},
				"up": {"uv": [2.5, 9, 4.5, 10], "texture": "#0"},
				"down": {"uv": [2.5, 11, 4.5, 12], "texture": "#0"}
			}
		},
		{
			"name": "Bottom",
			"from": [6, 4, 10.5],
			"to": [10, 5, 12.5],
			"faces": {
				"north": {"uv": [12.5, 15.5, 14.5, 16], "texture": "#0"},
				"east": {"uv": [8.5, 15.5, 9.5, 16], "texture": "#0"},
				"south": {"uv": [10.5, 15.5, 12.5, 16], "texture": "#0"},
				"west": {"uv": [9.5, 15.5, 10.5, 16], "texture": "#0"},
				"up": {"uv": [2.5, 10, 4.5, 11], "texture": "#0"},
				"down": {"uv": [2.5, 12, 4.5, 13], "texture": "#0"}
			}
		},
		{
			"name": "East",
			"from": [14, 9, 10.5],
			"to": [15, 13, 12.5],
			"faces": {
				"north": {"uv": [12.5, 11.5, 13, 13.5], "rotation": 180, "texture": "#0"},
				"east": {"uv": [8.5, 11.5, 9.5, 13.5], "texture": "#0"},
				"south": {"uv": [12, 11.5, 12.5, 13.5], "texture": "#0"},
				"west": {"uv": [7.5, 11.5, 8.5, 13.5], "texture": "#0"},
				"up": {"uv": [6.5, 9, 7, 10], "texture": "#0"},
				"down": {"uv": [6.5, 12, 7, 13], "texture": "#0"}
			}
		},
		{
			"name": "West",
			"from": [1, 9, 10.5],
			"to": [2, 13, 12.5],
			"faces": {
				"north": {"uv": [14, 11.5, 14.5, 13.5], "rotation": 180, "texture": "#0"},
				"east": {"uv": [7.5, 11.5, 8.5, 13.5], "texture": "#0"},
				"south": {"uv": [10.5, 11.5, 11, 13.5], "texture": "#0"},
				"west": {"uv": [9.5, 11.5, 10.5, 13.5], "texture": "#0"},
				"up": {"uv": [0, 9, 0.5, 10], "texture": "#0"},
				"down": {"uv": [0, 12, 0.5, 13], "texture": "#0"}
			}
		},
		{
			"name": "Red",
			"from": [12, 15, 10.5],
			"to": [13, 16, 12.5],
			"faces": {
				"north": {"uv": [12.5, 10, 13, 10.5], "texture": "#0"},
				"east": {"uv": [8.5, 10, 9.5, 10.5], "texture": "#0"},
				"south": {"uv": [12, 10, 12.5, 10.5], "texture": "#0"},
				"west": {"uv": [7.5, 10, 8.5, 10.5], "texture": "#0"},
				"up": {"uv": [5.5, 9, 6, 10], "texture": "#0"},
				"down": {"uv": [5.5, 11, 6, 12], "texture": "#0"}
			}
		},
		{
			"name": "Red",
			"from": [3, 15, 10.5],
			"to": [4, 16, 12.5],
			"faces": {
				"north": {"uv": [14, 10, 14.5, 10.5], "texture": "#0"},
				"east": {"uv": [7.5, 10, 8.5, 10.5], "texture": "#0"},
				"south": {"uv": [10.5, 10, 11, 10.5], "texture": "#0"},
				"west": {"uv": [9.5, 10, 10.5, 10.5], "texture": "#0"},
				"up": {"uv": [1, 9, 1.5, 10], "texture": "#0"},
				"down": {"uv": [1, 11, 1.5, 12], "texture": "#0"}
			}
		},
		{
			"name": "Red",
			"from": [12, 6, 10.5],
			"to": [13, 7, 12.5],
			"faces": {
				"north": {"uv": [12.5, 14.5, 13, 15], "texture": "#0"},
				"east": {"uv": [8.5, 14.5, 9.5, 15], "texture": "#0"},
				"south": {"uv": [12, 14.5, 12.5, 15], "texture": "#0"},
				"west": {"uv": [7.5, 14.5, 8.5, 15], "texture": "#0"},
				"up": {"uv": [5.5, 10, 6, 11], "texture": "#0"},
				"down": {"uv": [5.5, 12, 6, 13], "texture": "#0"}
			}
		},
		{
			"name": "Red",
			"from": [3, 6, 10.5],
			"to": [4, 7, 12.5],
			"faces": {
				"north": {"uv": [14, 14.5, 14.5, 15], "texture": "#0"},
				"east": {"uv": [7.5, 14.5, 8.5, 15], "texture": "#0"},
				"south": {"uv": [10.5, 14.5, 11, 15], "texture": "#0"},
				"west": {"uv": [9.5, 14.5, 10.5, 15], "texture": "#0"},
				"up": {"uv": [1, 10, 1.5, 11], "texture": "#0"},
				"down": {"uv": [1, 12, 1.5, 13], "texture": "#0"}
			}
		},
		{
			"name": "Green",
			"from": [4, 16, 10.5],
			"to": [6, 17, 12.5],
			"faces": {
				"north": {"uv": [13.5, 9.5, 14.5, 10], "texture": "#0"},
				"east": {"uv": [7.5, 9.5, 8.5, 10], "texture": "#0"},
				"south": {"uv": [10.5, 9.5, 11.5, 10], "texture": "#0"},
				"west": {"uv": [9.5, 9.5, 10.5, 10], "texture": "#0"},
				"up": {"uv": [1.5, 9, 2.5, 10], "texture": "#0"},
				"down": {"uv": [1.5, 11, 2.5, 12], "texture": "#0"}
			}
		},
		{
			"name": "Green",
			"from": [10, 16, 10.5],
			"to": [12, 17, 12.5],
			"faces": {
				"north": {"uv": [12.5, 9.5, 13.5, 10], "texture": "#0"},
				"east": {"uv": [8.5, 9.5, 9.5, 10], "texture": "#0"},
				"south": {"uv": [11.5, 9.5, 12.5, 10], "texture": "#0"},
				"west": {"uv": [7.5, 9.5, 8.5, 10], "texture": "#0"},
				"up": {"uv": [4.5, 9, 5.5, 10], "texture": "#0"},
				"down": {"uv": [4.5, 11, 5.5, 12], "texture": "#0"}
			}
		},
		{
			"name": "Green",
			"from": [10, 5, 10.5],
			"to": [12, 6, 12.5],
			"faces": {
				"north": {"uv": [12.5, 15, 13.5, 15.5], "texture": "#0"},
				"east": {"uv": [8.5, 15, 9.5, 15.5], "texture": "#0"},
				"south": {"uv": [11.5, 15, 12.5, 15.5], "texture": "#0"},
				"west": {"uv": [7.5, 15, 8.5, 15.5], "texture": "#0"},
				"up": {"uv": [4.5, 10, 5.5, 11], "texture": "#0"},
				"down": {"uv": [4.5, 12, 5.5, 13], "texture": "#0"}
			}
		},
		{
			"name": "Green",
			"from": [4, 5, 10.5],
			"to": [6, 6, 12.5],
			"faces": {
				"north": {"uv": [13.5, 15, 14.5, 15.5], "texture": "#0"},
				"east": {"uv": [7.5, 15, 8.5, 15.5], "texture": "#0"},
				"south": {"uv": [10.5, 15, 11.5, 15.5], "texture": "#0"},
				"west": {"uv": [9.5, 15, 10.5, 15.5], "texture": "#0"},
				"up": {"uv": [1.5, 10, 2.5, 11], "texture": "#0"},
				"down": {"uv": [1.5, 12, 2.5, 13], "texture": "#0"}
			}
		},
		{
			"name": "Blue",
			"from": [2, 13, 10.5],
			"to": [3, 15, 12.5],
			"faces": {
				"north": {"uv": [14, 10.5, 14.5, 11.5], "texture": "#0"},
				"east": {"uv": [7.5, 10.5, 8.5, 11.5], "texture": "#0"},
				"south": {"uv": [10.5, 10.5, 11, 11.5], "texture": "#0"},
				"west": {"uv": [9.5, 10.5, 10.5, 11.5], "texture": "#0"},
				"up": {"uv": [0.5, 9, 1, 10], "texture": "#0"},
				"down": {"uv": [0.5, 11, 1, 12], "texture": "#0"}
			}
		},
		{
			"name": "Blue",
			"from": [13, 13, 10.5],
			"to": [14, 15, 12.5],
			"faces": {
				"north": {"uv": [12.5, 10.5, 13, 11.5], "texture": "#0"},
				"east": {"uv": [8.5, 10.5, 9.5, 11.5], "texture": "#0"},
				"south": {"uv": [12, 10.5, 12.5, 11.5], "texture": "#0"},
				"west": {"uv": [7.5, 10.5, 8.5, 11.5], "texture": "#0"},
				"up": {"uv": [6, 9, 6.5, 10], "texture": "#0"},
				"down": {"uv": [6, 11, 6.5, 12], "texture": "#0"}
			}
		},
		{
			"name": "Blue",
			"from": [13, 7, 10.5],
			"to": [14, 9, 12.5],
			"faces": {
				"north": {"uv": [12.5, 13.5, 13, 14.5], "texture": "#0"},
				"east": {"uv": [8.5, 13.5, 9.5, 14.5], "texture": "#0"},
				"south": {"uv": [12, 13.5, 12.5, 14.5], "texture": "#0"},
				"west": {"uv": [7.5, 13.5, 8.5, 14.5], "texture": "#0"},
				"up": {"uv": [6, 10, 6.5, 11], "texture": "#0"},
				"down": {"uv": [6, 12, 6.5, 13], "texture": "#0"}
			}
		},
		{
			"name": "Blue",
			"from": [2, 7, 10.5],
			"to": [3, 9, 12.5],
			"faces": {
				"north": {"uv": [14, 13.5, 14.5, 14.5], "texture": "#0"},
				"east": {"uv": [7.5, 13.5, 8.5, 14.5], "texture": "#0"},
				"south": {"uv": [10.5, 13.5, 11, 14.5], "texture": "#0"},
				"west": {"uv": [9.5, 13.5, 10.5, 14.5], "texture": "#0"},
				"up": {"uv": [0.5, 10, 1, 11], "texture": "#0"},
				"down": {"uv": [0.5, 12, 1, 13], "texture": "#0"}
			}
		}
	],
	"gui_light": "front",
	"display": {
		"thirdperson_righthand": {
			"rotation": [0, 90, 0],
			"translation": [0, -5, 4]
		},
		"thirdperson_lefthand": {
			"rotation": [0, 90, 0],
			"translation": [0, -5, 4]
		},
		"firstperson_righthand": {
			"rotation": [0, 180, 5],
			"translation": [-1, -12, 2],
			"scale": [1.25, 1.25, 1.25]
		},
		"firstperson_lefthand": {
			"rotation": [0, 180, 5],
			"translation": [-1, -12, 2],
			"scale": [1.25, 1.25, 1.25]
		},
		"ground": {
			"translation": [0, -3.25, 0],
			"scale": [0.5, 0.5, 0.5]
		},
		"gui": {
			"rotation": [15, -25, -5],
			"translation": [0, -1, 0],
			"scale": [0.65, 0.65, 0.65]
		},
		"fixed": {
			"rotation": [0, 180, 0],
			"translation": [0, -2.5, 1.75],
			"scale": [0.8, 0.8, 0.8]
		}
	},
	"groups": [
		{
			"name": "group",
			"origin": [0, 0, 0],
			"color": 0,
			"children": [
				0,
				{
					"name": "Facing",
					"origin": [0, 0, 0],
					"color": 0,
					"children": [1, 2, 3, 4, 5, 6, 7]
				},
				{
					"name": "Boss",
					"origin": [8, 11, 11],
					"color": 0,
					"children": [8, 9]
				},
				{
					"name": "Rim",
					"origin": [0, 0, 0],
					"color": 0,
					"children": [10, 11, 12, 13, 14, 15, 16, 17, 18, 19, 20, 21, 22, 23, 24, 25]
				}
			]
		}
	]
}