{
	"credit": "Made with Blockbench",
	"parent": "minecraft:block/orientable",
	"texture_size": [48, 48],
	"textures": {
		"3": "block/blast_furnace",
		"front": "block/blast_furnace_front_on",
		"particle": "block/blast_furnace_particle"
	},
	"elements": [
		{
			"from": [7, 20, 5],
			"to": [13, 21, 11],
			"rotation": {"angle": 22.5, "axis": "y", "origin": [9, 18.5, 8]},
			"faces": {
				"north": {"uv": [0, 0, 2, 0.33333], "texture": "#3"},
				"east": {"uv": [0, 0, 2, 0.33333], "texture": "#3"},
				"south": {"uv": [0, 0, 2, 0.33333], "texture": "#3"},
				"west": {"uv": [0, 0, 2, 0.33333], "texture": "#3"},
				"up": {"uv": [0, 0, 2, 2], "rotation": 90, "texture": "#3"},
				"down": {"uv": [0, 0, 2, 2], "rotation": 270, "texture": "#3"}
			}
		},
		{
			"name": "Furnace",
			"from": [0, 0, 0],
			"to": [16, 16, 16],
			"faces": {
				"north": {"uv": [0, 0, 16, 16], "texture": "#front"},
				"east": {"uv": [5.33332, 10.66667, 10.66666, 16], "texture": "#3"},
				"south": {"uv": [5.33332, 10.66667, 10.66666, 16], "texture": "#3"},
				"west": {"uv": [5.33332, 10.66667, 10.66666, 16], "texture": "#3"},
				"up": {"uv": [10.66667, 5.33332, 16, 10.66666], "texture": "#3"},
				"down": {"uv": [5.33332, 5.33333, 10.66666, 10.66667], "texture": "#3"}
			}
		},
		{
			"from": [7.2, 17, 5.2],
			"to": [12.8, 20, 10.8],
			"rotation": {"angle": 22.5, "axis": "y", "origin": [9, 18.5, 8]},
			"faces": {
				"north": {"uv": [10.66668, 0, 12.53334, 1], "texture": "#3"},
				"east": {"uv": [10.66668, 0, 12.53334, 1], "texture": "#3"},
				"south": {"uv": [10.66668, 0, 12.53334, 1], "texture": "#3"},
				"west": {"uv": [10.66668, 0, 12.53334, 1], "texture": "#3"},
				"up": {"uv": [10.66668, 0, 12.53334, 1.86667], "texture": "#3"},
				"down": {"uv": [10.66668, 0, 12.53334, 1.86667], "texture": "#3"}
			}
		},
		{
			"from": [7, 16, 5],
			"to": [13, 17, 11],
			"rotation": {"angle": 22.5, "axis": "y", "origin": [9, 18.5, 8]},
			"faces": {
				"north": {"uv": [0, 0, 2, 0.33333], "texture": "#3"},
				"east": {"uv": [0, 0, 2, 0.33333], "texture": "#3"},
				"south": {"uv": [0, 0, 2, 0.33333], "texture": "#3"},
				"west": {"uv": [0, 0, 2, 0.33333], "texture": "#3"},
				"up": {"uv": [0, 0, 2, 2], "rotation": 90, "texture": "#3"},
				"down": {"uv": [0, 0, 2, 2], "rotation": 270, "texture": "#3"}
			}
		},
		{
			"from": [7, 18, 5],
			"to": [13, 19, 11],
			"rotation": {"angle": 22.5, "axis": "y", "origin": [9, 18.5, 8]},
			"faces": {
				"north": {"uv": [0, 0, 2, 0.33333], "texture": "#3"},
				"east": {"uv": [0, 0, 2, 0.33333], "texture": "#3"},
				"south": {"uv": [0, 0, 2, 0.33333], "texture": "#3"},
				"west": {"uv": [0, 0, 2, 0.33333], "texture": "#3"},
				"up": {"uv": [0, 0, 2, 2], "rotation": 90, "texture": "#3"},
				"down": {"uv": [0, 0, 2, 2], "rotation": 270, "texture": "#3"}
			}
		},
		{
			"from": [9, 17.5, 4.9],
			"to": [11, 19.5, 5.9],
			"rotation": {"angle": 22.5, "axis": "y", "origin": [9, 18.5, 8]},
			"faces": {
				"north": {"uv": [4.00001, 8.66668, 4.66668, 9.33334], "texture": "#3"},
				"east": {"uv": [4.33334, 8.66668, 4.66668, 9.33334], "texture": "#3"},
				"south": {"uv": [4.00001, 8.66668, 4.66668, 9.33334], "texture": "#3"},
				"west": {"uv": [4.00001, 8.66668, 4.33334, 9.33334], "texture": "#3"},
				"up": {"uv": [4.33334, 8.66668, 4.66668, 9.33334], "texture": "#3"},
				"down": {"uv": [4.33334, 8.66668, 4.66668, 9.33334], "texture": "#3"}
			}
		},
		{
			"from": [9.5, 18, 4.8],
			"to": [10.5, 19, 5.8],
			"rotation": {"angle": 22.5, "axis": "y", "origin": [9, 18.5, 8]},
			"faces": {
				"north": {"uv": [5.33332, 0, 5.66666, 0.33333], "texture": "#3"},
				"east": {"uv": [5.33332, 0, 5.66666, 0.33333], "texture": "#3"},
				"south": {"uv": [5.33332, 0, 5.66666, 0.33333], "texture": "#3"},
				"west": {"uv": [5.33332, 0, 5.66666, 0.33333], "texture": "#3"},
				"up": {"uv": [5.33332, 0, 5.66666, 0.33333], "texture": "#3"},
				"down": {"uv": [5.33332, 0, 5.66666, 0.33333], "texture": "#3"}
			}
		}
	]
}