{
	"credit": "Made with Blockbench",
	"parent": "minecraft:block/orientable",
	"texture_size": [48, 48],
	"textures": {
		"9": "block/blast_furnace",
		"particle": "block/blast_furnace_particle"
	},
	"elements": [
		{
			"name": "Furnace",
			"from": [0, 0, 0],
			"to": [16, 16, 16],
			"faces": {
				"north": {"uv": [0, 10.66667, 5.33333, 16], "texture": "#9"},
				"east": {"uv": [5.33333, 10.66667, 10.66667, 16], "texture": "#9"},
				"south": {"uv": [5.33333, 10.66667, 10.66667, 16], "texture": "#9"},
				"west": {"uv": [5.33333, 10.66667, 10.66667, 16], "texture": "#9"},
				"up": {"uv": [10.66667, 5.33333, 16, 10.66667], "texture": "#9"},
				"down": {"uv": [5.33333, 5.33333, 10.66667, 10.66667], "texture": "#9"}
			}
		},
		{
			"from": [7.2, 17, 5.2],
			"to": [12.8, 20, 10.8],
			"rotation": {"angle": 22.5, "axis": "y", "origin": [9, 18.5, 8]},
			"faces": {
				"north": {"uv": [10.66667, 0, 12.53334, 1], "texture": "#9"},
				"east": {"uv": [10.66667, 0, 12.53334, 1], "texture": "#9"},
				"south": {"uv": [10.66667, 0, 12.53334, 1], "texture": "#9"},
				"west": {"uv": [10.66667, 0, 12.53334, 1], "texture": "#9"},
				"up": {"uv": [10.66667, 0, 12.53334, 1.86667], "rotation": 90, "texture": "#9"},
				"down": {"uv": [10.66667, 0, 12.53334, 1.86667], "rotation": 270, "texture": "#9"}
			}
		},
		{
			"from": [7, 16, 5],
			"to": [13, 17, 11],
			"rotation": {"angle": 22.5, "axis": "y", "origin": [9, 18.5, 8]},
			"faces": {
				"north": {"uv": [0, 0, 2, 0.33333], "texture": "#9"},
				"east": {"uv": [0, 0, 2, 0.33333], "texture": "#9"},
				"south": {"uv": [0, 0, 2, 0.33333], "texture": "#9"},
				"west": {"uv": [0, 0, 2, 0.33333], "texture": "#9"},
				"up": {"uv": [0, 0, 2, 2], "rotation": 90, "texture": "#9"},
				"down": {"uv": [0, 0, 2, 2], "rotation": 270, "texture": "#9"}
			}
		},
		{
			"from": [7, 18, 5],
			"to": [13, 19, 11],
			"rotation": {"angle": 22.5, "axis": "y", "origin": [9, 18.5, 8]},
			"faces": {
				"north": {"uv": [0, 0, 2, 0.33333], "texture": "#9"},
				"east": {"uv": [0, 0, 2, 0.33333], "texture": "#9"},
				"south": {"uv": [0, 0, 2, 0.33333], "texture": "#9"},
				"west": {"uv": [0, 0, 2, 0.33333], "texture": "#9"},
				"up": {"uv": [0, 0, 2, 2], "rotation": 90, "texture": "#9"},
				"down": {"uv": [0, 0, 2, 2], "rotation": 270, "texture": "#9"}
			}
		},
		{
			"from": [9, 17.5, 4.9],
			"to": [11, 19.5, 5.9],
			"rotation": {"angle": 22.5, "axis": "y", "origin": [9, 18.5, 8]},
			"faces": {
				"north": {"uv": [4, 8.66667, 4.66667, 9.33333], "texture": "#9"},
				"east": {"uv": [4.33334, 8.66667, 4.66667, 9.33333], "texture": "#9"},
				"south": {"uv": [4, 8.66667, 4.66666, 9.33333], "texture": "#9"},
				"west": {"uv": [4, 8.66667, 4.33333, 9.33333], "texture": "#9"},
				"up": {"uv": [4.33334, 8.66667, 4.66667, 9.33333], "rotation": 90, "texture": "#9"},
				"down": {"uv": [4, 8.66667, 4.33333, 9.33333], "rotation": 270, "texture": "#9"}
			}
		},
		{
			"from": [9.5, 18, 4.8],
			"to": [10.5, 19, 5.8],
			"rotation": {"angle": 22.5, "axis": "y", "origin": [9, 18.5, 8]},
			"faces": {
				"north": {"uv": [5.33333, 0, 5.66667, 0.33333], "texture": "#9"},
				"east": {"uv": [5.33333, 0, 5.66667, 0.33333], "texture": "#9"},
				"south": {"uv": [5.33333, 0, 5.66667, 0.33333], "texture": "#9"},
				"west": {"uv": [5.33333, 0, 5.66667, 0.33333], "texture": "#9"},
				"up": {"uv": [5.33333, 0, 5.66667, 0.33333], "rotation": 90, "texture": "#9"},
				"down": {"uv": [5.33333, 0, 5.66667, 0.33333], "rotation": 270, "texture": "#9"}
			}
		},
		{
			"from": [7, 20, 5],
			"to": [13, 21, 11],
			"rotation": {"angle": 22.5, "axis": "y", "origin": [9, 18.5, 8]},
			"faces": {
				"north": {"uv": [0, 0, 2, 0.33333], "texture": "#9"},
				"east": {"uv": [0, 0, 2, 0.33333], "texture": "#9"},
				"south": {"uv": [0, 0, 2, 0.33333], "texture": "#9"},
				"west": {"uv": [0, 0, 2, 0.33333], "texture": "#9"},
				"up": {"uv": [0, 0, 2, 2], "rotation": 90, "texture": "#9"},
				"down": {"uv": [0, 0, 2, 2], "rotation": 270, "texture": "#9"}
			}
		}
	],
	"display": {
		"thirdperson_righthand": {
			"rotation": [75, 45, 0],
			"translation": [0, 2.5, 0],
			"scale": [0.375, 0.375, 0.375]
		},
		"thirdperson_lefthand": {
			"rotation": [75, 45, 0],
			"translation": [0, 2.5, 0],
			"scale": [0.375, 0.375, 0.375]
		},
		"firstperson_righthand": {
			"rotation": [0, 45, 0],
			"scale": [0.4, 0.4, 0.4]
		},
		"firstperson_lefthand": {
			"rotation": [0, 225, 0],
			"scale": [0.4, 0.4, 0.4]
		},
		"ground": {
			"translation": [0, 3, 0],
			"scale": [0.25, 0.25, 0.25]
		},
		"gui": {
			"rotation": [30, 225, 0],
			"scale": [0.625, 0.625, 0.625]
		},
		"fixed": {
			"scale": [0.5, 0.5, 0.5]
		}
	},
	"groups": [
		0,
		{
			"name": "Bellow",
			"origin": [0, 0, 0],
			"color": 0,
			"children": [1, 2, 3, 4, 5, 6]
		}
	]
}