{
	"credit": "Made with Blockbench",
	"parent": "minecraft:block/cube",
	"texture_size": [32, 32],
	"textures": {
		"4": "block/crafting_table",
		"particle": "block/crafting_table_particle"

	},
	"elements": [
		{
			"name": "crafting_table",
			"from": [0, 0, 0],
			"to": [16, 16, 16],
			"faces": {
				"north": {"uv": [0, 0, 8, 8], "texture": "#4"},
				"east": {"uv": [8, 0, 16, 8], "texture": "#4"},
				"south": {"uv": [8, 0, 16, 8], "texture": "#4"},
				"west": {"uv": [8, 0, 16, 8], "texture": "#4"},
				"up": {"uv": [0, 8, 8, 16], "texture": "#4"},
				"down": {"uv": [8, 8, 16, 16], "texture": "#4"}
			}
		},
		{
			"from": [2, 16, 7.5],
			"to": [5, 17, 10.5],
			"rotation": {"angle": -22.5, "axis": "y", "origin": [3.5, 23, 9.5]},
			"faces": {
				"north": {"uv": [5.5, 4, 6, 4.5], "rotation": 180, "texture": "#4"},
				"east": {"uv": [5.5, 3, 6, 4.5], "rotation": 270, "texture": "#4"},
				"south": {"uv": [0, 0, 1.5, 0.5], "texture": "#4"},
				"west": {"uv": [6.5, 3, 7, 4.5], "rotation": 90, "texture": "#4"},
				"up": {"uv": [5.5, 3, 7, 4.5], "rotation": 180, "texture": "#4"},
				"down": {"uv": [0, 0, 1.5, 1.5], "texture": "#4"}
			}
		},
		{
			"from": [3, 16, 10.5],
			"to": [5, 17, 11.5],
			"rotation": {"angle": -22.5, "axis": "y", "origin": [3.5, 23, 9.5]},
			"faces": {
				"north": {"uv": [0, 0, 1, 0.5], "rotation": 180, "texture": "#4"},
				"east": {"uv": [5.5, 2.5, 6, 3], "rotation": 270, "texture": "#4"},
				"south": {"uv": [5.5, 2.5, 6.5, 3], "texture": "#4"},
				"west": {"uv": [0, 0, 0.5, 0.5], "rotation": 90, "texture": "#4"},
				"up": {"uv": [5.5, 2.5, 6.5, 3], "rotation": 180, "texture": "#4"},
				"down": {"uv": [0, 0, 1, 0.5], "texture": "#4"}
			}
		},
		{
			"from": [2, 16, 10.5],
			"to": [3, 17, 12.5],
			"rotation": {"angle": -22.5, "axis": "y", "origin": [3.5, 23, 9.5]},
			"faces": {
				"north": {"uv": [0, 0, 0.5, 0.5], "rotation": 180, "texture": "#4"},
				"east": {"uv": [5.5, 2, 6, 3], "rotation": 270, "texture": "#4"},
				"south": {"uv": [0, 0, 0.5, 0.5], "texture": "#4"},
				"west": {"uv": [6.5, 2, 7, 3], "rotation": 90, "texture": "#4"},
				"up": {"uv": [6.5, 2, 7, 3], "rotation": 180, "texture": "#4"},
				"down": {"uv": [0, 0, 0.5, 1.5], "texture": "#4"}
			}
		},
		{
			"from": [4, 16, 11.5],
			"to": [5, 17, 12.5],
			"rotation": {"angle": -22.5, "axis": "y", "origin": [3.5, 23, 9.5]},
			"faces": {
				"north": {"uv": [0, 0, 0.5, 0.5], "rotation": 180, "texture": "#4"},
				"east": {"uv": [5.5, 2, 6, 2.5], "rotation": 270, "texture": "#4"},
				"south": {"uv": [0, 0, 0.5, 0.5], "texture": "#4"},
				"west": {"uv": [5.5, 2, 6, 2.5], "rotation": 90, "texture": "#4"},
				"up": {"uv": [5.5, 2, 6, 2.5], "rotation": 270, "texture": "#4"},
				"down": {"uv": [0, 0, 0.5, 0.5], "texture": "#4"}
			}
		},
		{
			"from": [2, 16, 12.5],
			"to": [5, 17, 13.5],
			"rotation": {"angle": -22.5, "axis": "y", "origin": [3.5, 23, 9.5]},
			"faces": {
				"north": {"uv": [5.5, 1.5, 7, 2], "rotation": 180, "texture": "#4"},
				"east": {"uv": [6.5, 1.5, 7, 2], "rotation": 270, "texture": "#4"},
				"south": {"uv": [5.5, 1.5, 7, 2], "texture": "#4"},
				"west": {"uv": [5.5, 1.5, 6, 2], "rotation": 90, "texture": "#4"},
				"up": {"uv": [5.5, 1.5, 7, 2], "rotation": 180, "texture": "#4"},
				"down": {"uv": [0, 0, 1.5, 0.5], "texture": "#4"}
			}
		},
		{
			"from": [2, 16, 5.5],
			"to": [4, 17, 7.5],
			"rotation": {"angle": -22.5, "axis": "y", "origin": [3.5, 23, 9.5]},
			"faces": {
				"north": {"uv": [6, 5, 6.5, 5.5], "rotation": 180, "texture": "#4"},
				"east": {"uv": [6, 4.5, 6.5, 5.5], "rotation": 270, "texture": "#4"},
				"south": {"uv": [0, 0, 1, 0.5], "texture": "#4"},
				"west": {"uv": [6.5, 4.5, 7, 5.5], "rotation": 90, "texture": "#4"},
				"up": {"uv": [6, 4.5, 7, 5.5], "rotation": 180, "texture": "#4"},
				"down": {"uv": [0, 0, 1, 1], "texture": "#4"}
			}
		},
		{
			"from": [2, 16, 3.5],
			"to": [3, 17, 5.5],
			"rotation": {"angle": -22.5, "axis": "y", "origin": [3.5, 23, 9.5]},
			"faces": {
				"north": {"uv": [6.5, 6, 7, 6.5], "rotation": 180, "texture": "#4"},
				"east": {"uv": [6.5, 5.5, 7, 6.5], "rotation": 270, "texture": "#4"},
				"south": {"uv": [0, 0, 0.5, 0.5], "texture": "#4"},
				"west": {"uv": [6.5, 5.5, 7, 6.5], "rotation": 90, "texture": "#4"},
				"up": {"uv": [6.5, 5.5, 7, 6.5], "rotation": 180, "texture": "#4"},
				"down": {"uv": [0, 0, 0.5, 1], "texture": "#4"}
			}
		},
		{
			"from": [12, 16, 5],
			"to": [14, 17, 6],
			"rotation": {"angle": 22.5, "axis": "y", "origin": [11.5, 18.5, 4.5]},
			"faces": {
				"north": {"uv": [9.5, 2.5, 10, 3.5], "rotation": 270, "texture": "#4"},
				"east": {"uv": [9.5, 2.5, 10, 3], "rotation": 270, "texture": "#4"},
				"south": {"uv": [9.5, 2.5, 10, 3.5], "rotation": 90, "texture": "#4"},
				"west": {"uv": [9.5, 3, 10, 3.5], "rotation": 270, "texture": "#4"},
				"up": {"uv": [9.5, 2.5, 10, 3.5], "rotation": 90, "texture": "#4"},
				"down": {"uv": [9.5, 2.5, 10, 3.5], "rotation": 90, "texture": "#4"}
			}
		},
		{
			"from": [11, 16, 4],
			"to": [12, 17, 5],
			"rotation": {"angle": 22.5, "axis": "y", "origin": [11.5, 18.5, 4.5]},
			"faces": {
				"north": {"uv": [10, 3.5, 10.5, 4], "rotation": 270, "texture": "#4"},
				"east": {"uv": [10, 3.5, 10.5, 4], "rotation": 270, "texture": "#4"},
				"south": {"uv": [10, 3.5, 10.5, 4], "rotation": 90, "texture": "#4"},
				"west": {"uv": [10, 3.5, 10.5, 4], "rotation": 270, "texture": "#4"},
				"up": {"uv": [10, 3.5, 10.5, 4], "rotation": 90, "texture": "#4"},
				"down": {"uv": [10, 3.5, 10.5, 4], "rotation": 90, "texture": "#4"}
			}
		},
		{
			"from": [9, 16, 3],
			"to": [11, 17, 4],
			"rotation": {"angle": 22.5, "axis": "y", "origin": [11.5, 18.5, 4.5]},
			"faces": {
				"north": {"uv": [9.5, 4, 10, 5], "rotation": 270, "texture": "#4"},
				"east": {"uv": [9.5, 4, 10, 4.5], "rotation": 270, "texture": "#4"},
				"south": {"uv": [9.5, 4, 10, 5], "rotation": 90, "texture": "#4"},
				"west": {"uv": [9.5, 4.5, 10, 5], "rotation": 270, "texture": "#4"},
				"up": {"uv": [9.5, 4, 10, 5], "rotation": 90, "texture": "#4"},
				"down": {"uv": [9.5, 4, 10, 5], "rotation": 90, "texture": "#4"}
			}
		},
		{
			"from": [9, 16, 5],
			"to": [11, 17, 6],
			"rotation": {"angle": 22.5, "axis": "y", "origin": [11.5, 18.5, 4.5]},
			"faces": {
				"north": {"uv": [9.5, 4, 10, 5], "rotation": 270, "texture": "#4"},
				"east": {"uv": [9.5, 4, 10, 4.5], "rotation": 270, "texture": "#4"},
				"south": {"uv": [9.5, 4, 10, 5], "rotation": 90, "texture": "#4"},
				"west": {"uv": [9.5, 4.5, 10, 5], "rotation": 270, "texture": "#4"},
				"up": {"uv": [9.5, 4, 10, 5], "rotation": 90, "texture": "#4"},
				"down": {"uv": [9.5, 4, 10, 5], "rotation": 90, "texture": "#4"}
			}
		},
		{
			"from": [12, 16, 3],
			"to": [14, 17, 4],
			"rotation": {"angle": 22.5, "axis": "y", "origin": [11.5, 18.5, 4.5]},
			"faces": {
				"north": {"uv": [10.5, 2.5, 11, 3.5], "rotation": 270, "texture": "#4"},
				"east": {"uv": [10.5, 2.5, 11, 3], "rotation": 270, "texture": "#4"},
				"south": {"uv": [10.5, 2.5, 11, 3.5], "rotation": 90, "texture": "#4"},
				"west": {"uv": [10.5, 3, 11, 3.5], "rotation": 270, "texture": "#4"},
				"up": {"uv": [10.5, 2.5, 11, 3.5], "rotation": 90, "texture": "#4"},
				"down": {"uv": [10.5, 2.5, 11, 3.5], "rotation": 90, "texture": "#4"}
			}
		},
		{
			"from": [8.5, 16, 10],
			"to": [10.5, 18, 13],
			"rotation": {"angle": -22.5, "axis": "y", "origin": [12.5, 20, 11.5]},
			"faces": {
				"north": {"uv": [1.5, 4.5, 2.5, 5.5], "rotation": 270, "texture": "#4"},
				"east": {"uv": [1, 4.5, 2.5, 5.5], "rotation": 180, "texture": "#4"},
				"south": {"uv": [1, 4.5, 2, 5.5], "rotation": 90, "texture": "#4"},
				"west": {"uv": [1, 4.5, 2.5, 5.5], "texture": "#4"},
				"up": {"uv": [1, 4.5, 2.5, 5.5], "rotation": 90, "texture": "#4"},
				"down": {"uv": [1, 4.5, 2.5, 5.5], "rotation": 90, "texture": "#4"}
			}
		},
		{
			"from": [10.5, 16.5, 11],
			"to": [14.5, 17.5, 12],
			"rotation": {"angle": -22.5, "axis": "y", "origin": [12.5, 20, 11.5]},
			"faces": {
				"north": {"uv": [1.5, 2.5, 2, 4.5], "rotation": 270, "texture": "#4"},
				"east": {"uv": [1.5, 2.5, 2, 3], "rotation": 180, "texture": "#4"},
				"south": {"uv": [1.5, 2.5, 2, 4.5], "rotation": 90, "texture": "#4"},
				"west": {"uv": [1.5, 4, 2, 4.5], "texture": "#4"},
				"up": {"uv": [1.5, 2.5, 2, 4.5], "rotation": 90, "texture": "#4"},
				"down": {"uv": [1.5, 2.5, 2, 4.5], "rotation": 90, "texture": "#4"}
			}
		}
	],
	"display": {
		"thirdperson_righthand": {
			"rotation": [75, 45, 0],
			"translation": [0, 2.5, 0],
			"scale": [0.375, 0.375, 0.375]
		},
		"thirdperson_lefthand": {
			"rotation": [75, 45, 0],
			"translation": [0, 2.5, 0],
			"scale": [0.375, 0.375, 0.375]
		},
		"firstperson_righthand": {
			"rotation": [0, 45, 0],
			"scale": [0.4, 0.4, 0.4]
		},
		"firstperson_lefthand": {
			"rotation": [0, 225, 0],
			"scale": [0.4, 0.4, 0.4]
		},
		"ground": {
			"translation": [0, 3, 0],
			"scale": [0.25, 0.25, 0.25]
		},
		"gui": {
			"rotation": [30, 225, 0],
			"scale": [0.625, 0.625, 0.625]
		},
		"fixed": {
			"scale": [0.5, 0.5, 0.5]
		}
	},
	"groups": [
		0,
		{
			"name": "saw",
			"origin": [0, 0, 0],
			"color": 0,
			"children": [1, 2, 3, 4, 5, 6, 7]
		},
		{
			"name": "thing",
			"origin": [0, 0, 0],
			"color": 0,
			"children": [8, 9, 10, 11, 12]
		},
		{
			"name": "hammer",
			"origin": [0, 0, 0],
			"color": 0,
			"children": [13, 14]
		}
	]
}