{
	"credit": "Made with Blockbench",
	"parent": "block/block",
	"textures": {
		"2": "block/anvil_top",
		"particle": "block/anvil",
		"body": "block/anvil"
	},
	"elements": [
		{
			"name": "Anvil base",
			"from": [2, 0, 2],
			"to": [14, 2, 14],
			"faces": {
				"north": {"uv": [2, 14, 14, 16], "texture": "#body"},
				"east": {"uv": [2, 2, 0, 14], "rotation": 270, "texture": "#body"},
				"south": {"uv": [2, 14, 14, 16], "texture": "#body"},
				"west": {"uv": [0, 2, 2, 14], "rotation": 90, "texture": "#body"},
				"up": {"uv": [2, 2, 14, 14], "rotation": 180, "texture": "#body"},
				"down": {"uv": [2, 2, 14, 14], "rotation": 180, "texture": "#body", "cullface": "down"}
			}
		},
		{
			"name": "Lower narrow portion",
			"from": [4, 2, 3],
			"to": [12, 3, 13],
			"faces": {
				"north": {"uv": [4, 11, 12, 12], "texture": "#body"},
				"east": {"uv": [5, 3, 4, 13], "rotation": 270, "texture": "#body"},
				"south": {"uv": [4, 11, 12, 12], "texture": "#body"},
				"west": {"uv": [4, 3, 5, 13], "rotation": 90, "texture": "#body"},
				"up": {"uv": [4, 3, 12, 13], "rotation": 180, "texture": "#body"}
			}
		},
		{
			"name": "Wider section beneath top portion",
			"from": [6, 3, 4],
			"to": [10, 8, 12],
			"faces": {
				"north": {"uv": [6, 6, 10, 11], "texture": "#body"},
				"east": {"uv": [10, 4, 5, 12], "rotation": 270, "texture": "#body"},
				"south": {"uv": [6, 6, 10, 11], "texture": "#body"},
				"west": {"uv": [5, 4, 10, 12], "rotation": 90, "texture": "#body"}
			}
		},
		{
			"name": "Anvil top",
			"from": [3, 8, 0],
			"to": [13, 14, 16],
			"faces": {
				"north": {"uv": [3, 0, 13, 6], "texture": "#body"},
				"east": {"uv": [16, 0, 10, 16], "rotation": 270, "texture": "#body"},
				"south": {"uv": [3, 0, 13, 6], "texture": "#body"},
				"west": {"uv": [10, 0, 16, 16], "rotation": 90, "texture": "#body"},
				"up": {"uv": [3, 0, 13, 16], "rotation": 180, "texture": "#top"},
				"down": {"uv": [3, 0, 13, 16], "rotation": 180, "texture": "#body"}
			}
		},
		{
			"from": [4, 9, -3],
			"to": [12, 14, 0],
			"faces": {
				"north": {"uv": [0, 0, 6, 5], "texture": "#body"},
				"east": {"uv": [0, 0, 3, 5], "texture": "#body"},
				"south": {"uv": [0, 0, 6, 5], "texture": "#body"},
				"west": {"uv": [0, 0, 3, 5], "texture": "#body"},
				"up": {"uv": [3, 0, 9, 3], "texture": "#2"},
				"down": {"uv": [0, 0, 6, 3], "texture": "#body"}
			}
		},
		{
			"from": [5, 10, -5],
			"to": [11, 14, -3],
			"faces": {
				"north": {"uv": [0, 0, 4, 4], "texture": "#body"},
				"east": {"uv": [0, 0, 2, 4], "texture": "#body"},
				"south": {"uv": [0, 0, 4, 4], "texture": "#body"},
				"west": {"uv": [0, 0, 2, 4], "texture": "#body"},
				"up": {"uv": [3, 0, 7, 2], "texture": "#2"},
				"down": {"uv": [0, 0, 4, 2], "texture": "#body"}
			}
		},
		{
			"from": [6, 12, -6],
			"to": [10, 14, -5],
			"faces": {
				"north": {"uv": [0, 5, 2, 7], "texture": "#body"},
				"east": {"uv": [0, 0, 1, 2], "texture": "#body"},
				"south": {"uv": [0, 2, 2, 4], "texture": "#body"},
				"west": {"uv": [1, 0, 2, 2], "texture": "#body"},
				"up": {"uv": [5, 1, 7, 2], "texture": "#2"},
				"down": {"uv": [2, 0, 4, 1], "texture": "#body"}
			}
		},
		{
			"from": [6, 6, 12],
			"to": [10, 8, 13],
			"faces": {
				"north": {"uv": [0, 0, 1, 3], "texture": "#body"},
				"east": {"uv": [0, 0, 1, 2], "texture": "#body"},
				"south": {"uv": [0, 0, 4, 2], "texture": "#body"},
				"west": {"uv": [0, 0, 1, 3], "texture": "#body"},
				"up": {"uv": [0, 0, 1, 1], "texture": "#body"},
				"down": {"uv": [0, 0, 1, 1], "texture": "#body"}
			}
		},
		{
			"from": [6, 7, 13],
			"to": [10, 8, 15],
			"faces": {
				"north": {"uv": [0, 0, 1, 1], "texture": "#body"},
				"east": {"uv": [0, 0, 2, 1], "texture": "#body"},
				"south": {"uv": [0, 0, 4, 1], "texture": "#body"},
				"west": {"uv": [0, 0, 1, 1], "texture": "#body"},
				"up": {"uv": [0, 0, 1, 1], "texture": "#body"},
				"down": {"uv": [0, 0, 4, 4], "texture": "#body"}
			}
		},
		{
			"from": [6, 7, 3],
			"to": [10, 8, 4],
			"faces": {
				"north": {"uv": [4, 7, 8, 8], "texture": "#body"},
				"east": {"uv": [4, 4, 5, 5], "texture": "#body"},
				"south": {"uv": [4, 8, 8, 9], "texture": "#body"},
				"west": {"uv": [5, 4, 6, 5], "texture": "#body"},
				"up": {"uv": [4, 5, 8, 6], "texture": "#body"},
				"down": {"uv": [4, 6, 8, 7], "texture": "#body"}
			}
		}
	],
	"display": {
		"thirdperson_righthand": {
			"rotation": [75, 45, 0],
			"translation": [0, 2.5, 0],
			"scale": [0.375, 0.375, 0.375]
		},
		"thirdperson_lefthand": {
			"rotation": [75, 45, 0],
			"translation": [0, 2.5, 0],
			"scale": [0.375, 0.375, 0.375]
		},
		"firstperson_righthand": {
			"rotation": [0, 45, 0],
			"scale": [0.4, 0.4, 0.4]
		},
		"firstperson_lefthand": {
			"rotation": [0, 225, 0],
			"scale": [0.4, 0.4, 0.4]
		},
		"ground": {
			"translation": [0, 3, 0],
			"scale": [0.25, 0.25, 0.25]
		},
		"gui": {
			"rotation": [30, 225, 0],
			"scale": [0.625, 0.625, 0.625]
		},
		"fixed": {
			"scale": [0.5, 0.5, 0.5]
		}
	}
}